,,,,,,,,,,,,,,,,,,,,,,,,,,,,,,,,
,,,,,,,,,,,,,,,,,,,,,,,,,,,,,,,,
,POS,VARIACION,,JUGADOR,PUNTOS,HCP,TORNEOS,PROCEDENCIA,TARJETA 15,PUNTOS QUE PIERDE,TARJETA 16,,,,,,,,,,,,,,,,,,,,,CAMBIOS
PEREZ FABRICIO,1,?,0,AMERI GERARDO (41),2294.91,0,15,GENERAL LA MADRID (BA),75.00,0.00,60.64,33,,,,,,,,,,,,,,,,,,,,0
OLAECHEA AGUSTIN LEONARDO,2,?,0,GHEZZI MARCOS (45),2134.00,2,15,TANDIL (BA),38.49,0.00,31.12,41,,,,,,,,,,,,,,,,,,,,0
GARCIA LUCIANO MIGUEL,3,?,0,GARCIA LUCIANO MIGUEL (36),2106.02,0,15,MAR DEL PLATA (BA),55.78,0.00,53.73,38,,,,,,,,,,,,,,,,,,,,0
OLMEDO SEBASTIAN,4,?,0,MURUA DIEGO (45),2051.68,0,15,CABA (BA),18.87,0.00,0.00,40,,,,,,,,,,,,,,,,,,,,0
VULCANO IGNACIO,5,?,0,BARRA ELCO DANIEL (55),1907.03,0,15,BAHIA BLANCA (BA),75.00,0.00,75.00,48,,,,,,,,,,,,,,,,,,,,0
MARINONE DIEGO,6,?,0,TREVOLAZAVALA LUCIANO (42),1824.94,2,15,TANDIL (BA),58.40,0.00,55.78,40,,,,,,,,,,,,,,,,,,,,0
TREVOLAZAVALA LUCIANO,7,?,0,BOERO MARIO (43),1822.60,2,15,TOTORAS (SF),45.48,0.00,45.48,40,,,,,,,,,,,,,,,,,,,,0
GONZALEZ VICTOR,8,?,0,CORTES MARCOS (39),1786.85,0,15,CARCARAÑA (SF),41.84,0.00,38.49,40,,,,,,,,,,,,,,,,,,,,0
GENSON MARCELO ARIEL,9,?,0,OCAMPO CRISTIAN ANIBAL (43),1785.24,1,15,BAHIA BLANCA (BA),53.73,0.00,47.22,43,,,,,,,,,,,,,,,,,,,,0
SUAREZ MARTIN,10,?,0,MOSCONI SILVIO (49),1777.71,0,15,BAHIA BLANCA (BA),47.22,0.00,41.84,29,,,,,,,,,,,,,,,,,,,,0
QUIROGA JOSE EDUARDO,11,?,0,GRASSO JULIAN NAZARENO (39),1766.71,2,15,MAR DEL PLATA (BA),55.78,0.00,41.84,40,,,,,,,,,,,,,,,,,,,,0
DELFINO MAXIMILIANO,12,?,0,MARTINEZ MEIER GERMAN (24),1754.22,0,6,SALDUNGARAY (BA),0.00,0.00,0.00,38,,,,,,,,,,,,,,,,,,,,0
CORRADI FEDERICO,13,?,0,LANDA EMANUEL (45),1731.27,2,15,GONZALEZ CHAVEZ (BA),53.73,0.00,51.32,30,,,,,,,,,,,,,,,,,,,,0
PETUNCHI WALTER,14,?,0,CONQUEIRO VICTOR (44),1716.87,2,15,TANDIL (BA),53.73,0.00,47.22,42,,,,,,,,,,,,,,,,,,,,0
LOPEZ GAVILAN ALEJANDRO,15,?,0,QUIROGA JOSE EDUARDO (44),1701.85,0,15,CORONEL PRINGLES (BA),69.00,0.00,69.00,38,,,,,,,,,,,,,,,,,,,,0
PEDRONCINI GABRIEL,16,?,0,VULCANO IGNACIO (35),1672.61,2,15,TANDIL (BA),49.43,0.00,49.43,53,,,,,,,,,,,,,,,,,,,,0
LANDA EMANUEL,17,?,0,DELFINO MAXIMILIANO (34),1658.50,0,15,MARIA JUANA (SF),45.48,0.00,45.48,49,,,,,,,,,,,,,,,,,,,,0
LOPEZ JUAN MANUEL,18,?,0,LUDUEÑA DANIEL (34),1655.59,1,15,MARIA JUANA (SF),58.40,0.00,51.32,48,,,,,,,,,,,,,,,,,,,,0
CORTES MARCOS,19,?,0,PEDRONCINI GABRIEL (31),1632.74,0,15,BAHIA BLANCA (BA),53.73,75.00,53.73,49,,,,,,,,,,,,,,,,,,,,0
BRACCANI LUCIANO,20,?,0,SUAREZ MARTIN (40),1614.94,1,15,CORONEL PRINGLES (BA),49.43,0.00,39.93,43,,,,,,,,,,,,,,,,,,,,0
ZEPEDA LUIS,21,?,0,IBARRA HUGO (41),1612.81,2,15,SALDUNGARAY (BA),25.37,0.00,17.34,31,,,,,,,,,,,,,,,,,,,,0
CONQUEIRO VICTOR,22,?,0,FIGUEROA FRANCO SEBASTIAN (44),1585.25,2,15,SAN JORGE (SF),45.48,0.00,45.48,38,,,,,,,,,,,,,,,,,,,,0
FERNANDEZ BATU,23,?,0,MARINONE DIEGO (42),1566.87,1,15,MARIA JUANA (SF),45.48,0.00,41.84,40,,,,,,,,,,,,,,,,,,,,0
FIGUEROA FRANCO SEBASTIAN,24,?,0,CICOPIEDI JULIAN (24),1538.35,1,15,TANDIL (BA),47.17,0.00,41.84,40,,,,,,,,,,,,,,,,,,,,0
SANCHEZ EMMANUEL,25,?,0,CLEMENZ CRISTIAN EZEQUIEL (40),1518.72,1,15,RAFAELA (SF),49.43,0.00,45.48,39,,,,,,,,,,,,,,,,,,,,0
ACOSTA JOSE LUIS,26,?,0,GONZALEZ VICTOR (50),1514.78,3,14,ARROYO SECO (SF),0.00,0.00,0.00,32,,,,,,,,,,,,,,,,,,,,0
CEÑAL RAMIRO,27,?,0,SANCHEZ EMMANUEL (35),1508.15,3,15,BAHIA BLANCA (BA),49.43,0.00,43.44,35,,,,,,,,,,,,,,,,,,,,0
ULLUA SERGIO JAVIER,28,?,0,PERNIA OMAR (42),1486.46,2,11,TANDIL (BA),0.00,0.00,0.00,43,,,,,,,,,,,,,,,,,,,,0
SIMILI LEANDRO,29,?,0,LOPEZ GAVILAN ALEJANDRO (41),1428.71,4,13,CABA (BA),0.00,0.00,0.00,36,,,,,,,,,,,,,,,,,,,,0
CARUSILLO ELTON DANIEL,30,?,0,FERNANDEZ BATU (41),1416.86,3,13,CABA (BA),0.00,0.00,0.00,60,,,,,,,,,,,,,,,,,,,,0
GRASSO JULIAN NAZARENO,31,?,0,BRACCANI LUCIANO (43),1410.75,4,15,ALVAREZ (SF),14.15,0.00,0.00,35,,,,,,,,,,,,,,,,,,,,0
MONTELEONE LEONARDO,32,?,0,MONTELEONE LEONARDO (56),1390.15,3,15,JOSE C PAZ (BA),45.48,0.00,38.49,36,,,,,,,,,,,,,,,,,,,,0
MEZA SEBASTIAN,33,?,0,GENSON MARCELO ARIEL (49),1375.09,2,12,TANDIL (BA),0.00,0.00,0.00,39,,,,,,,,,,,,,,,,,,,,0
AGUIRRE SEBASTIAN,34,?,0,OLMEDO SEBASTIAN (43),1292.38,2,15,CAÑADA DE GOMEZ (SF),49.43,0.00,47.17,30,,,,,,,,,,,,,,,,,,,,0
GONZALEZ CLAUDIO,35,?,0,COUFFIGNAL RAMIRO (42),1279.46,4,15,TRENQUE LAUQUEN (BA),38.49,0.00,32.58,41,,,,,,,,,,,,,,,,,,,,0
AGUIRREZABALA ALBERTO,36,?,0,FERNANDEZ PABLO JAVIER (51),1261.45,5,14,TANDIL (BA),0.00,0.00,0.00,44,,,,,,,,,,,,,,,,,,,,0
WASINGER DAMIAN,37,?,0,FERNANDEZ DANIEL (39),1246.62,3,14,BAHIA BLANCA (BA),0.00,45.48,0.00,31,,,,,,,,,,,,,,,,,,,,0
BARRA ELCO DANIEL,38,?,0,POLO LUCAS (36),1224.80,4,15,LA PLATA (BA),33.83,0.00,0.00,59,,,,,,,,,,,,,,,,,,,,0
POLO LUCAS,39,?,0,CASONI ALBANO (42),1214.41,5,15,BIGAND  (SF),35.41,0.00,32.58,32,,,,,,,,,,,,,,,,,,,,0
REVELANTE FABIO,40,?,0,ULLUA SERGIO JAVIER (45),1212.93,3,15,CORONEL PRINGLES (BA),31.09,0.00,25.37,38,,,,,,,,,,,,,,,,,,,,0
MORETTO JUAN PABLO,41,?,0,ALVAREZ FACUNDO MARTIN (46),1203.67,4,8,MACACHIN (LP),0.00,0.00,0.00,56,,,,,,,,,,,,,,,,,,,,0
COUFFIGNAL RAMIRO,42,?,0,GARCIA EZEQUIEL (40),1201.41,3,8,MACACHIN (LP),0.00,0.00,0.00,42,,,,,,,,,,,,,,,,,,,,0
ZELAYA LEONARDO,43,?,0,JOFRE PABLO MARTIN (42),1195.73,4,15,BAHIA BLANCA (BA),41.84,0.00,38.49,37,,,,,,,,,,,,,,,,,,,,0
PIRCHIO BRUNO,44,?,0,COLOMBO DAMIAN (37),1182.46,1,15,MARIA JUANA (SF),38.49,0.00,27.57,45,,,,,,,,,,,,,,,,,,,,0
DIZEO LEANDRO,45,?,0,PONTINI JUAN (45),1178.13,3,14,LAS ROSAS (SF),0.00,0.00,0.00,28,,,,,,,,,,,,,,,,,,,,0
STRACQUALURSI DENIS,46,?,0,ZELAYA LEONARDO (48),1157.83,5,15,ROSARIO (SF),49.43,0.00,45.48,56,,,,,,,,,,,,,,,,,,,,0
SOTELO ARIEL,47,?,0,GOMEZ EDGARDO FABIAN (51),1145.29,5,15,BAHIA BLANCA (BA),27.57,29.97,24.23,41,,,,,,,,,,,,,,,,,,,,0
GAUDENZI CARLOS,48,?,0,RUIZ BRAIAN (36),1144.58,5,15,BAHÑA BLANCA (BA),38.49,0.00,32.58,39,,,,,,,,,,,,,,,,,,,,0
CLEMENZ CRISTIAN EZEQUIEL,49,?,0,PALACIOS RAMIRO (47),1144.53,6,15,OLAVARRIA (BA),41.84,0.00,38.49,33,,,,,,,,,,,,,,,,,,,,0
FORNILLO MAURICIO,50,?,0,MONTORO AGUSTIN (29),1136.36,5,15,ROSARIO (SF),38.49,0.00,35.41,39,,,,,,,,,,,,,,,,,,,,0
ALVAREZ FACUNDO MARTIN,51,?,0,BRUTTI ADRIAN (38),1125.56,3,10,TANDIL (BA),0.00,0.00,0.00,35,,,,,,,,,,,,,,,,,,,,0
CASTRO LUCAS DAMIAN,52,?,0,CASTELLANO PABLO (42),1106.52,4,15,SAN JORGE (SF),29.97,0.00,23.34,30,,,,,,,,,,,,,,,,,,,,0
LUDUEÑA DANIEL,53,?,0,AGUIRREZABALA ALBERTO (38),1085.36,6,15,CORONEL PRINGLES (BA),35.41,0.00,29.97,42,,,,,,,,,,,,,,,,,,,,0
BRANDAN FAUSTINO,54,?,0,ALMADA CLAUDIO (55),1085.27,2,14,CABA (BA),0.00,0.00,0.00,54,,,,,,,,,,,,,,,,,,,,0
CICOPIEDI HORACIO,55,?,0,PETUNCHI WALTER (51),1067.83,5,12,RAMALLO (BA),0.00,0.00,0.00,38,,,,,,,,,,,,,,,,,,,,0
MONTORO AGUSTIN,56,?,0,LOPEZ IRIART CRISTIAN (40),1063.66,5,15,TANDIL (BA),30.14,0.00,28.60,36,,,,,,,,,,,,,,,,,,,,0
LOPEZ IRIART CRISTIAN,57,?,0,CICOPIEDI HORACIO (47),1047.76,4,15,TANDIL (BA),36.77,0.00,6.93,43,,,,,,,,,,,,,,,,,,,,0
OLIVERO DARIO,58,?,0,PETTI VIERA SEBASTIAN (43),1034.15,6,15,BERISSO (ba),43.40,0.00,18.27,53,,,,,,,,,,,,,,,,,,,,0
CORRADO JORGE,59,?,0,ELSENER ALBERTO (42),1018.48,3,14,SUNCHALES (SF),0.00,0.00,0.00,42,,,,,,,,,,,,,,,,,,,,0
CONQUEIRO FELIX,60,?,0,NOGUERA NAHUEL JORGE (44),1004.89,5,15,VILL BOSCH (BA),20.51,0.00,0.00,37,,,,,,,,,,,,,,,,,,,,0
GIMENEZ MAXIMILIANO,61,?,0,ALES MATIAS (41),998.35,5,15,BUENOS AIRES (BA),26.34,0.00,19.75,48,,,,,,,,,,,,,,,,,,,,0
JORGE NAHUEL GONZALO,62,?,0,ROLON JUAN MANUEL (34),986.87,7,15,GONZALEZ CHAVEZ (BA),39.96,0.00,39.96,39,,,,,,,,,,,,,,,,,,,,0
PEREZ DIEGO OMAR,63,?,0,LOPEZ JUAN MANUEL (32),961.07,3,6,VILLA GESELL (BA),0.00,0.00,0.00,50,,,,,,,,,,,,,,,,,,,,0
JORGE MAURO,64,?,0,SIMILI LEANDRO (51),953.77,7,15,ROSARIO (SF),32.58,0.00,29.97,38,,,,,,,,,,,,,,,,,,,,0
FERNANDEZ PABLO JAVIER,65,?,0,FRANZINO CARLOS (35),947.89,7,15,TANDIL (BA),32.58,0.00,27.57,46,,,,,,,,,,,,,,,,,,,,0
MOSCONI SILVIO,66,?,0,VILLALBA IVAN (37),933.74,6,14,RICARDONE (SF),0.00,0.00,0.00,39,,,,,,,,,,,,,,,,,,,,0
ARMENGOL LUCAS,67,?,0,REVELANTE FABIO (58),907.60,7,15,BAHIA BLANCA (BA),29.97,0.00,27.57,41,,,,,,,,,,,,,,,,,,,,0
NOGUERA NAHUEL JORGE,68,?,0,JARA PINTO ANGELO (47),898.97,7,15,BAHIA BLANCA (BA),26.34,49.43,25.37,44,,,,,,,,,,,,,,,,,,,,0
FERNANDEZ DANIEL,69,?,0,CARUSILLO ELTON DANIEL (33),883.67,4,14,BUENOS AIRES (BA),0.00,0.00,0.00,36,,,,,,,,,,,,,,,,,,,,0
ROLON JUAN MANUEL,70,?,0,CEÑAL RAMIRO (44),848.52,6,8,VILLA GESELL (BA),0.00,0.00,0.00,46,,,,,,,,,,,,,,,,,,,,0
NAZ JOAQUIN,71,?,0,GIMENEZ MAXIMILIANO (32),836.86,8,13,LA PLATA (BA),0.00,0.00,0.00,39,,,,,,,,,,,,,,,,,,,,0
PONTINI JUAN,72,?,0,MORETTO JUAN PABLO (42),826.17,5,14,ROSARIO (SF),0.00,0.00,0.00,27,,,,,,,,,,,,,,,,,,,,0
OTERO CRISTIAN,73,?,0,ESPINDOLA MAXIMILIANO (37),810.72,5,15,BELLA ITALIA (SF),11.02,0.00,0.00,52,,,,,,,,,,,,,,,,,,,,0
COLLAZO GUILLERMO,74,?,0,GUTIERREZ BRIAN (36),795.80,7,15,ROSARIO (SF),5.66,0.00,0.00,35,,,,,,,,,,,,,,,,,,,,0
GIULIANELLI MAURO,75,?,0,AVALOS LEONARDO (35),794.75,5,14,BAHIA BLANCA (BA),0.00,32.58,0.00,47,,,,,,,,,,,,,,,,,,,,0
PETTI VIERA SEBASTIAN,76,?,0,WILLINER JAVIER (44),769.54,6,13,RAFAELA (SF),0.00,0.00,0.00,53,,,,,,,,,,,,,,,,,,,,0
BRUTTI ADRIAN,77,?,0,FERNANDEZ ALFREDO (44),766.02,8,15,LA PLATA (BA),18.87,0.00,0.00,40,,,,,,,,,,,,,,,,,,,,0
BARRIONUEVO MARCOS,78,?,0,WILLINER CONRADO (33),765.31,3,13,SUNCHALES (SF),0.00,0.00,0.00,35,,,,,,,,,,,,,,,,,,,,0
RUIZ BRAIAN,79,?,0,GOMEZ CARLOS (55),753.93,5,15,TANDIL (BA),28.63,0.00,0.00,43,,,,,,,,,,,,,,,,,,,,0
OCAMPO CRISTIAN ANIBAL,80,?,0,OBREGON SANTIAGO NICOLAS (23),716.55,7,14,BAHIA BLANCA (BA),0.00,35.41,0.00,34,,,,,,,,,,,,,,,,,,,,0
CASTELLANO PABLO,81,?,0,SANTILLAN SERGIO ANDRES (54),704.49,7,15,ROSARIO (SF),27.57,0.00,19.75,39,,,,,,,,,,,,,,,,,,,,0
CASALIS CRISTIAN,82,?,0,BRAS NELSON ANTONIO (42),696.63,6,10,BAHIA BLANCA (BA),0.00,53.73,0.00,49,,,,,,,,,,,,,,,,,,,,0
IBARRA MAURICIO EDGAR,83,?,0,RODRIGUEZ NESTOR (55),694.27,8,15,OLAVARRIA (BA),25.37,0.00,21.47,52,,,,,,,,,,,,,,,,,,,,0
COLOMBO DAMIAN,84,?,0,STRACQUALURSI DENIS (37),693.50,5,9,RAFAELA (SF),0.00,0.00,0.00,31,,,,,,,,,,,,,,,,,,,,0
CUVILLIER CRISTIAN,85,?,0,AYALA JOSE RODRIGO (39),688.65,6,9,BELLA ITALIA (SF),0.00,0.00,0.00,40,,,,,,,,,,,,,,,,,,,,0
BOERO MARIO,86,?,0,WASINGER DAMIAN (32),677.99,1,10,MARIA JUANA (SF),0.00,0.00,0.00,44,,,,,,,,,,,,,,,,,,,,0
TETTAMANZI GUILLERMO,87,?,0,PEREZ DIEGO OMAR (50),677.35,7,10,TANDIL (BA),0.00,0.00,0.00,41,,,,,,,,,,,,,,,,,,,,0
CASONI ALBANO,88,?,0,BARRIONUEVO MARCOS (44),668.34,4,8,TANDIL (BA),0.00,0.00,0.00,48,,,,,,,,,,,,,,,,,,,,0
CACERES BENITEZ HENRY,89,?,0,GONZALEZ CLAUDIO (62),654.43,5,7,ROSARIO (SF),0.00,0.00,0.00,40,,,,,,,,,,,,,,,,,,,,0
DEZZUTTO ANDRES,90,?,0,TEBES JORGE (37),641.20,8,15,BAHIA BLANCA (BA),24.23,0.00,24.23,44,,,,,,,,,,,,,,,,,,,,0
GARCILAZO GUSTAVO,91,?,0,BAUMAN DANIEL (40),640.68,6,9,SUNCHALES (SF),0.00,0.00,0.00,54,,,,,,,,,,,,,,,,,,,,0
ALMADA CLAUDIO,92,?,0,CONQUEIRO FELIX (46),629.86,5,13,TANDIL (BA),0.00,0.00,0.00,53,,,,,,,,,,,,,,,,,,,,0
MUSSARI ANDRES,93,?,0,RUIZ CRISTIAN (42),626.09,11,13,BAHIA BLANCA (BA),0.00,0.00,0.00,53,,,,,,,,,,,,,,,,,,,,0
PALACIOS RAMIRO,94,?,0,MORALES GASTON (45),614.67,4,7,MORENO (BA),0.00,0.00,0.00,43,,,,,,,,,,,,,,,,,,,,0
MARCHESE RODRIGO,95,?,0,JORGE MAURO (61),614.32,11,15,PERGAMINO (BA),24.23,0.00,23.34,43,,,,,,,,,,,,,,,,,,,,0
FRANZINO CARLOS,96,?,0,REÑONES MARIO (46),608.92,6,15,BAHIA BLANCA (BA),25.37,0.00,25.37,32,,,,,,,,,,,,,,,,,,,,0
OLIVERA JORGE,97,?,0,GARCILAZO GUSTAVO (55),594.85,3,11,PARANA (ER),0.00,0.00,0.00,41,,,,,,,,,,,,,,,,,,,,0
LOBOS CRISTIAN,98,?,0,CABEZAS MARCELO (54),582.15,9,7,BARILOCHE (RN),0.00,12.04,0.00,36,,,,,,,,,,,,,,,,,,,,0
GHEZZI ROBERTO,99,?,0,TROANE FERNANDO (48),569.78,7,7,CASILDA (SF),0.00,0.00,0.00,38,,,,,,,,,,,,,,,,,,,,0
SZISTER GERMAN,100,?,0,MAGNOLI DIEGO (50),556.60,10,7,BARILOCHE (RN),0.00,0.00,0.00,41,,,,,,,,,,,,,,,,,,,,0
BRUNI CARLOS,101,?,0,VEIGA RUBEN (43),552.48,9,11,SUNCHALES (SF),0.00,0.00,0.00,35,,,,,,,,,,,,,,,,,,,,0
DIAZ CRISTIAN,102,?,0,CORRADI FEDERICO (41),549.29,3,10,TANDIL (BA),0.00,0.00,0.00,24,,,,,,,,,,,,,,,,,,,,0
CAMILLO MARCELO,103,?,0,SEERY WALTER GUSTAVO (56),528.88,13,15,SAN PEDRO (BA),17.34,0.00,15.38,41,,,,,,,,,,,,,,,,,,,,0
GOROSITO ALBERTO,104,?,0,SOTELO ARIEL (39),515.26,6,6,STA ROSA (LP),0.00,0.00,0.00,32,,,,,,,,,,,,,,,,,,,,0
JARA PINTO ANGELO,105,?,0,PASCHETTA MARIANO (43),512.99,6,11,ANGELICA (SF),0.00,0.00,0.00,29,,,,,,,,,,,,,,,,,,,,0
GHEZZI MARCOS,106,?,0,FUNARI HECTOR (50),506.82,4,10,BAHIA BLANCA (BA),0.00,18.17,0.00,41,,,,,,,,,,,,,,,,,,,,0
HEILAND JUAN IGNACIO,107,?,0,LAZZARINI JAVIER OSCAR (50),482.72,10,14,TANDIL (BA),0.00,0.00,0.00,32,,,,,,,,,,,,,,,,,,,,0
BIGLIERI AGUSTIN JESUS,108,?,0,BUCHIARELLI DAVID (34),480.33,10,7,CORONEL SUAREZ (BA),0.00,0.00,0.00,55,,,,,,,,,,,,,,,,,,,,0
MURUA DIEGO,109,?,0,DIAZ CRISTIAN (42),464.16,8,14,OLAVARRIA (BA),0.00,0.00,0.00,48,,,,,,,,,,,,,,,,,,,,0
SEERY WALTER GUSTAVO,110,?,0,LEONCINI DAVID (41),462.47,1,7,LAS ROSAS (SF),0.00,0.00,0.00,31,,,,,,,,,,,,,,,,,,,,0
ALES MATIAS,111,?,0,SKOCAJ DAMIAN (56),446.32,7,11,CAMPANA (BA),0.00,0.00,0.00,42,,,,,,,,,,,,,,,,,,,,0
MARTIN ALDO,112,?,0,SARE NEGRI EZEQUIEL (34),435.39,6,5,ARRECIFES (BA),0.00,0.00,0.00,40,,,,,,,,,,,,,,,,,,,,0
PEREYRA CARLOS,113,?,0,CORRADO JORGE (37),433.00,2,6,TANDIL (BA),0.00,0.00,0.00,26,,,,,,,,,,,,,,,,,,,,0
CAMINOS PEDRO,114,?,0,CACERES BENITEZ HENRY (50),429.68,13,8,VILLA GESELL (BA),0.00,0.00,0.00,45,,,,,,,,,,,,,,,,,,,,0
LOPEZ OSORNIO MAURICIO,115,?,0,PIRCHIO BRUNO (37),427.35,9,4,CASILDA (SF),0.00,0.00,0.00,48,,,,,,,,,,,,,,,,,,,,0
ACOSTA JOSE LUIS (BA),116,?,0,MATITTI PABLO EMANUEL (37),425.66,10,14,BAHIA BLANCA (BA),0.00,0.00,0.00,23,,,,,,,,,,,,,,,,,,,,0
OHACO NORBERTO,117,?,0,LEFFLER RUBEN DARIO (40),421.15,2,5,DEL VISO (BA),0.00,0.00,0.00,40,,,,,,,,,,,,,,,,,,,,0
PEREYRA JUAN MANUEL,118,?,0,PALFERRO MATIAS (40),420.76,5,7,GRAL ROCA (RN),0.00,0.00,0.00,51,,,,,,,,,,,,,,,,,,,,0
CHAVES JULIAN,119,?,0,NAZ JOAQUIN (29),411.32,4,9,MARIA JUANA (SF),0.00,0.00,0.00,28,,,,,,,,,,,,,,,,,,,,0
CARROSSIO RICARDO,120,?,0,VULCANO GERARDO (42),400.53,7,11,TANDIL (BA),0.00,0.00,0.00,41,,,,,,,,,,,,,,,,,,,,0
SANTILLAN SERGIO ANDRES,121,?,0,MACEDA ANDRES EZEQUIEL (36),394.95,7,10,SAN JORGE (SF),0.00,0.00,0.00,36,,,,,,,,,,,,,,,,,,,,0
ARANA JUAN PABLO,122,?,0,ALBE ANIBAL (42),393.43,6,10,CAÑADA DE GOMEZ (SF),0.00,0.00,0.00,40,,,,,,,,,,,,,,,,,,,,0
VEIGA RUBEN,123,?,0,BARBER DIEGO (46),393.17,12,7,ARRECIFES (BA),0.00,0.00,0.00,44,,,,,,,,,,,,,,,,,,,,0
SEERY MATIAS IGNACIO,124,?,0,RAGGIO MARIANO EZEQUIEL (33),392.68,3,6,MAR DEL PLATA (BA),0.00,0.00,0.00,47,,,,,,,,,,,,,,,,,,,,0
PERNIA OMAR,125,?,0,SPERANZA CARLOS (33),391.56,7,9,TANDIL (BA),0.00,0.00,0.00,33,,,,,,,,,,,,,,,,,,,,0
FERNANDEZ ANDRES,126,?,0,ZEPEDA LUIS (33),391.50,9,7,TANDIL (BA),0.00,0.00,0.00,36,,,,,,,,,,,,,,,,,,,,0
PASCHETTA MARIANO,127,?,0,DEZZUTTO ANDRES (38),385.80,6,9,CASAS (SF),0.00,0.00,0.00,37,,,,,,,,,,,,,,,,,,,,0
LEONCINI DAVID,128,?,0,GAYONE GERARDO (42),384.82,9,7,GRAL ROCA (RN),0.00,0.00,0.00,47,,,,,,,,,,,,,,,,,,,,0
SANCHEZ HUGO,129,?,0,CAJAL PABLO EZEQUIEL (30),377.50,7,9,SALDUNGARAY (BA),0.00,0.00,0.00,36,,,,,,,,,,,,,,,,,,,,0
SANCHEZ HUGO,130,?,0,TOTH SERGIO (56),350.56,4,2,TANDIL (BA),0.00,0.00,0.00,33,,,,,,,,,,,,,,,,,,,,0
SOLANAS AGUSTIN,131,?,0,MARCHESE RODRIGO (33),348.05,7,7,BAHIA BLANCA (BA),0.00,25.37,0.00,45,,,,,,,,,,,,,,,,,,,,0
TRYBUCHOWICZ ANDRES,132,?,0,THEUS JOSE MANUEL (45),346.61,11,12,CORONEL PRINGLES (BA),0.00,0.00,0.00,42,,,,,,,,,,,,,,,,,,,,0
CHACON GUILLERMO,133,?,0,DI LUCA CRISTIAN (40),346.15,7,9,BUENOS AIRES (BA),0.00,0.00,0.00,49,,,,,,,,,,,,,,,,,,,,0
WASINGER JOSE,134,?,0,CEGNA ALEJANDRO (37),345.39,9,12,LOS CARDOS (SF),0.00,0.00,0.00,54,,,,,,,,,,,,,,,,,,,,0
MACEDA ANDRES EZEQUIEL,135,?,0,VARGAS LUCIANO (37),344.06,12,11,BAHIA BLANCA (BA),0.00,15.38,0.00,52,,,,,,,,,,,,,,,,,,,,0
GOMEZ EDGARDO FABIAN,136,?,0,BEIZA FLAVIO (47),342.29,13,7,V. LA ANGOSTURA (NE),0.00,10.19,0.00,39,,,,,,,,,,,,,,,,,,,,0
DEL RIO SEBASTIAN,137,?,0,ROHLMANN FERNANDO (35),338.81,10,4,SALDUNGARAY (BA),0.00,0.00,0.00,34,,,,,,,,,,,,,,,,,,,,0
ROSAS JUAN MANUEL,138,?,0,PEREZ FABRICIO (42),338.68,8,6,SANTA ROSA  (LP),0.00,58.40,0.00,37,,,,,,,,,,,,,,,,,,,,0
SARE NEGRI EZEQUIEL,139,?,0,FORNILLO MAURICIO (56),329.74,7,7,MAR DEL PLATA (BA),0.00,0.00,0.00,38,,,,,,,,,,,,,,,,,,,,0
FERNANDEZ ALFREDO,140,?,0,GHEZZI ROBERTO (50),325.60,6,3,TANDIL (BA),0.00,0.00,0.00,45,,,,,,,,,,,,,,,,,,,,0
NEBBIA FRANCO,141,?,0,PECASTAING ALEJANDRA (51),310.46,19,15,BAHIA BLANCA (BA),11.98,0.00,11.44,52,,,,,,,,,,,,,,,,,,,,0
PALFERRO JUAN,142,?,0,GALLESE MAURO (43),305.13,8,6,RAMOS MEJIA (BA),0.00,0.00,0.00,63,,,,,,,,,,,,,,,,,,,,0
GONZALEZ HECTOR OSCAR,143,?,0,MONSALVE JUAN IGNACIO (42),291.03,9,8,TANDIL (BA),0.00,0.00,0.00,45,,,,,,,,,,,,,,,,,,,,0
ESEVERRI CARLOS ADRIAN,144,?,0,GARTNER ALEJO (26),286.40,10,8,CORONEL SUAREZ (BS),0.00,0.00,0.00,41,,,,,,,,,,,,,,,,,,,,0
GOMEZ LUCAS,145,?,0,ORTIZ FACUNDO (43),282.51,12,12,PUNTA ALTA (BA),0.00,18.17,0.00,23,,,,,,,,,,,,,,,,,,,,0
VOGT ARIEL,146,?,0,SANDOVAL CRISTIAN (53),281.27,14,6,V. LA ANGOSTURA (NE),0.00,0.00,0.00,37,,,,,,,,,,,,,,,,,,,,0
GVIRTZ FERNANDO,147,?,0,PRIERI DANIEL (63),276.97,4,5,MARCOS JUAREZ (CB),0.00,0.00,0.00,42,,,,,,,,,,,,,,,,,,,,0
CRUZ ANDRES,148,?,0,LOPEZ SILVINA (47),273.94,18,10,CABA (BA),0.00,0.00,0.00,39,,,,,,,,,,,,,,,,,,,,0
BAKKER FRANCISCO,149,?,0,SZISTER GERMAN (56),273.92,8,6,TIGRE (BA),0.00,0.00,0.00,54,,,,,,,,,,,,,,,,,,,,0
MARTINEZ JUAN,150,?,0,MENDEZ MARCOS (39),270.98,9,6,CABA (BA),0.00,0.00,0.00,39,,,,,,,,,,,,,,,,,,,,0
BERNAOLA JOSE,151,?,0,FLORES CARLOS ALBERTO (41),269.34,8,6,LAS ROSAS (SF),0.00,0.00,0.00,38,,,,,,,,,,,,,,,,,,,,0
CAMINOS DOMINGO,152,?,0,USUBIAGA JOSE MARIA (43),267.63,9,7,TANDIL (BA),0.00,0.00,0.00,44,,,,,,,,,,,,,,,,,,,,0
FLORES CARLOS ALBERTO,153,?,0,SCHLOTTHAUER RICARDO (51),265.00,8,6,PARANA (ER),0.00,0.00,0.00,51,,,,,,,,,,,,,,,,,,,,0
GOMEZ CARLOS,154,?,0,MILLA CARLOS ALBERTO (47),257.39,9,5,TRENQUE LAUQUEN (BA),0.00,0.00,0.00,40,,,,,,,,,,,,,,,,,,,,0
BARBER DIEGO,155,?,0,CAMINOS PEDRO (43),252.51,8,6,PARANA (ER),0.00,0.00,0.00,48,,,,,,,,,,,,,,,,,,,,0
CABEZAS MARCELO,156,?,0,MIÑO JOSE RAMON (38),252.23,11,8,PILAR (BA),0.00,0.00,0.00,44,,,,,,,,,,,,,,,,,,,,0
AVARO EMANUEL,157,?,0,GIORDANO JULIETA (48),250.50,18,11,JOSE C PAZ (BA),0.00,0.00,0.00,36,,,,,,,,,,,,,,,,,,,,0
KAMLOFSKI NICOLAS,158,?,0,BARRIOS MAXIMILIANO (35),249.11,5,4,SIERRA DE LA VENTANA (BA),0.00,0.00,0.00,45,,,,,,,,,,,,,,,,,,,,0
QUIROGA JULIO,159,?,0,TEBES ADRIAN (61),247.04,16,15,BAHIA BLANCA (BA),8.58,14.15,6.68,36,,,,,,,,,,,,,,,,,,,,0
VILLALBA IVAN,160,?,0,ANGULO MARIO (62),246.87,16,4,BARILOCHE (RN),0.00,0.00,0.00,42,,,,,,,,,,,,,,,,,,,,0
KUNZ GABRIEL,161,?,0,LANDA VERONICA (38),246.80,23,15,GONZALEZ CHAVEZ (BA),6.94,0.00,5.87,53,,,,,,,,,,,,,,,,,,,,0
GARCIA EMILIO,162,?,0,GARNERO FABIAN (34),244.68,12,12,ROSARIO (SF),0.00,0.00,0.00,54,,,,,,,,,,,,,,,,,,,,0
SPERANZA CARLOS,163,?,0,HERNANDEZ RICARDO (48),243.46,12,8,BAHIA BLANCA (BA),0.00,15.38,0.00,41,,,,,,,,,,,,,,,,,,,,0
USUBIAGA JOSE MARIA,164,?,0,SALOM SOFIA (38),224.05,23,13,ROSARIO (SF),0.00,0.00,0.00,32,,,,,,,,,,,,,,,,,,,,0
LAZZARINI JAVIER OSCAR,165,?,0,ALFONSIN NELSON (42),217.19,8,1,GENERAL ROCA (RN),0.00,0.00,0.00,48,,,,,,,,,,,,,,,,,,,,0
MIÑO JOSE RAMON,166,?,0,GARAVENTA NESTOR (37),213.12,3,3,BOULOGNE (BA),0.00,0.00,0.00,51,,,,,,,,,,,,,,,,,,,,0
SOSA CESAR ADOLFO,167,?,0,BENITEZ YOLANDA (42),212.65,13,7,VILLA REAL (BA),0.00,0.00,0.00,40,,,,,,,,,,,,,,,,,,,,0
FERNANDEZ CRISTIAN,168,?,0,WASINGER JOSE (31),208.16,4,4,MARIA JUANA (SF),0.00,0.00,0.00,51,,,,,,,,,,,,,,,,,,,,0
SKOCAJ DAMIAN,169,?,0,VILLALBA GABRIEL (49),206.04,13,5,V. LA ANGOSTURA (NE),0.00,0.00,0.00,36,,,,,,,,,,,,,,,,,,,,0
GALLESE MAURO,170,?,0,GARCIA RUBEN DARIO (58),205.99,15,13,PUNTA ALTA (BA),0.00,0.00,0.00,30,,,,,,,,,,,,,,,,,,,,0
SCHLOTTHAUER RICARDO,171,?,0,AUGUSTO GUSTAVO (55),203.97,9,6,MARCOS JUAREZ (CO),0.00,0.00,0.00,40,,,,,,,,,,,,,,,,,,,,0
HUMBERT MAURICIO ARIEL,172,?,0,COLOMBO FEDERICO (32),202.34,12,8,MARIA JUANA (SF),0.00,0.00,0.00,40,,,,,,,,,,,,,,,,,,,,0
PRIOLETTO FACUNDO,173,?,0,JORGE NAHUEL GONZALO (36),201.65,5,4,TANDIL (BA),0.00,0.00,0.00,46,,,,,,,,,,,,,,,,,,,,0
MARTINEZ NICOLAS,174,?,0,CHACON GUILLERMO (47),201.55,11,7,ROSARIO (SF),0.00,0.00,0.00,37,,,,,,,,,,,,,,,,,,,,0
GONZALEZ LEANDRO,175,?,0,TRIPAILAO DIEGO (43),200.60,2,3,GENERAL ROCA (RN),0.00,0.00,0.00,39,,,,,,,,,,,,,,,,,,,,0
RIOS JUAN RAMON,176,?,0,LAUMAN MAURO (38),199.82,9,1,CORONEL SUAREZ (BA),0.00,0.00,0.00,35,,,,,,,,,,,,,,,,,,,,0
WILLINER JAVIER,177,?,0,YOICE PATRICIO ROBERTO (49),199.21,13,6,TRENQUE LAUQUEN (BA),0.00,0.00,0.00,34,,,,,,,,,,,,,,,,,,,,0
DOMENECH STEPHAN,178,?,0,IBARRA WALTER GABRIEL (33),198.94,12,9,SALDUNGARAY (BA),0.00,0.00,0.00,41,,,,,,,,,,,,,,,,,,,,0
CASTRO MEDINA ALEJANDRO,179,?,0,GONZALEZ LEANDRO (42),197.84,12,7,CABA (BA),0.00,0.00,0.00,42,,,,,,,,,,,,,,,,,,,,0
YANFASCIA JONATHAN,180,?,0,BAKKER DIEGO (43),197.31,6,4,MAR DEL PLATA (BA),0.00,0.00,0.00,59,,,,,,,,,,,,,,,,,,,,0
ETCHEPARE FEDERICO,181,?,0,GVIRTZ FERNANDO (56),195.10,4,3,SAN ISIDRO (BA),0.00,0.00,0.00,26,,,,,,,,,,,,,,,,,,,,0
NOVOSAD GONZALO,182,?,0,CARINGELLA ALEJANDRO (59),194.29,9,5,TOAY (LP),0.00,38.49,0.00,48,,,,,,,,,,,,,,,,,,,,0
BAUMAN DANIEL,183,?,0,KOZAC MIGUEL (40),189.82,12,7,CARLOS CASARES (BA),0.00,0.00,0.00,41,,,,,,,,,,,,,,,,,,,,0
AYALA JOSE RODRIGO,184,?,0,RUPPEN ESTEBAN (35),188.71,12,9,MARIA JUANA (SF),0.00,0.00,0.00,33,,,,,,,,,,,,,,,,,,,,0
IBARRA HUGO,185,?,0,MARTINEZ NICOLAS (26),185.64,0,2,PARANA (ER),0.00,0.00,0.00,41,,,,,,,,,,,,,,,,,,,,0
FAZIOLI LUCAS,186,?,0,COMAS JONATAN (32),182.00,12,9,TRENQUE LAUQUEN (BA),0.00,9.38,0.00,30,,,,,,,,,,,,,,,,,,,,0
ELSENER ALBERTO,187,?,0,RUIZ JUAN MANUEL (73),180.34,15,8,MAR DEL PLATA (BA),0.00,0.00,0.00,32,,,,,,,,,,,,,,,,,,,,0
BEIZA FLAVIO,188,?,0,INOSTROZA ROBERTO (59),175.50,15,14,BAHIA BLANCA (BA),0.00,3.73,0.00,52,,,,,,,,,,,,,,,,,,,,0
VILLAGRA ADRIAN,189,?,0,PINTOS MARTIN (30),165.40,7,4,STA ROSA (LP),0.00,0.00,0.00,37,,,,,,,,,,,,,,,,,,,,0
VELAZQUEZ JOAQUIN,190,?,0,FERNANDEZ CRISTIAN (51),162.51,2,2,BRAGADO (BA),0.00,0.00,0.00,38,,,,,,,,,,,,,,,,,,,,0
PONTINI GUILLERMO JOSE,191,?,0,BASTUS ALEX (65),158.56,13,5,CABA (BA),0.00,0.00,0.00,41,,,,,,,,,,,,,,,,,,,,0
CICOPIEDI JULIAN,192,?,0,MAIER JONATAN (39),157.73,8,3,CORONEL SUAREZ (BA),0.00,0.00,0.00,44,,,,,,,,,,,,,,,,,,,,0
PISANO MATIAS,193,?,0,KINDERKNECHT NICOLAS (35),155.74,3,2,EXALTACION DE LA CRUZ (BA),0.00,0.00,0.00,46,,,,,,,,,,,,,,,,,,,,0
ROMERO JORGE,194,?,0,LESCANO DANIEL GUSTAVO (54),152.30,11,4,CABA (BA),0.00,0.00,0.00,33,,,,,,,,,,,,,,,,,,,,0
PERIN GABRIEL,195,?,0,BAKKER FRANCISCO (41),151.32,0,2,MAR DEL PLATA (BA),0.00,0.00,0.00,45,,,,,,,,,,,,,,,,,,,,0
SAUR LEOPOLDO,196,?,0,AYALA FABIAN (52),143.78,3,2,CABA (BA),0.00,0.00,0.00,46,,,,,,,,,,,,,,,,,,,,0
PINTOS MARTIN,197,?,0,MESSINA PABLO (48),143.05,13,5,MAR DEL PLATA (BA),0.00,0.00,0.00,30,,,,,,,,,,,,,,,,,,,,0
AMERI GERARDO,198,?,0,PAGLIA GASTON (52),141.01,12,3,PILAR (BA),0.00,0.00,0.00,35,,,,,,,,,,,,,,,,,,,,0
PELLEGRINI CARLOS,199,?,0,PONZIO TOMAS (33),136.43,6,2,LAS ROSAS (SF),0.00,0.00,0.00,33,,,,,,,,,,,,,,,,,,,,0
DAUWALDER GABRIEL,200,?,0,GOICOECHEA MARCELO (63),133.69,16,5,CABA (BA),0.00,0.00,0.00,39,,,,,,,,,,,,,,,,,,,,0
MARTIN IRIGOYEN GERMAN,201,?,0,PAGLIERO MARTIN DANIEL (43),131.58,6,2,SUNCHALES (SF),0.00,0.00,0.00,23,,,,,,,,,,,,,,,,,,,,0
SALOMON MARIANO GERMAN,202,?,0,CABALLERO GASTON (47),130.34,9,3,CARDALES (BA),0.00,0.00,0.00,24,,,,,,,,,,,,,,,,,,,,0
TEDESCHI JUAN IGNACIO,203,?,0,DI CARLO AGUSTIN (39),128.33,10,4,MARCOS JUAREZ (CO),0.00,0.00,0.00,29,,,,,,,,,,,,,,,,,,,,0
GOROSITO RAUL ALBERTO,204,?,0,BLANCO JAIRO (42),125.22,12,4,SALDUNGARAY (BS),0.00,0.00,0.00,45,,,,,,,,,,,,,,,,,,,,0
CARABALLO EDGARDO,205,?,0,FERREYRA JORGE (60),118.17,13,4,CAPITAL FEDERAL (BA),0.00,0.00,0.00,34,,,,,,,,,,,,,,,,,,,,0
GARNERO FABIAN,206,?,0,CURCIO LUCAS (22),117.92,12,6,CABALLITO (BA),0.00,0.00,0.00,29,,,,,,,,,,,,,,,,,,,,0
LOBOS GABRIEL,207,?,0,LAPUNZINA SEBASTIAN (36),116.31,12,4,MAR DEL PLATA (BA),0.00,0.00,0.00,38,,,,,,,,,,,,,,,,,,,,0
PEREYRA EXEQUIEL,208,?,0,BUTTO JESUS (41),113.68,12,11,LOS CARDOS (SF),0.00,0.00,0.00,35,,,,,,,,,,,,,,,,,,,,0
SANDOVAL CRISTIAN,209,?,0,CRUZ ANDRES (38),111.96,8,2,MAR DEL PLATA (BA),0.00,0.00,0.00,45,,,,,,,,,,,,,,,,,,,,0
COLOMBO FEDERICO,210,?,0,CURCIO WALTER (53),106.38,14,4,CABA (BA),0.00,0.00,0.00,42,,,,,,,,,,,,,,,,,,,,0
RIQUEL PEDRO,211,?,0,MAZUE DARIO (36),105.44,12,6,TRENQUE LAUQUEN (BA),0.00,0.00,0.00,61,,,,,,,,,,,,,,,,,,,,0
BARRIONUEVO MARTIN,212,?,0,CIANCIULLI JUAN (37),105.43,12,4,CABA (BA),0.00,0.00,0.00,47,,,,,,,,,,,,,,,,,,,,0
BOYER HUGO,213,?,0,SPAGNOLO LUCIANO (44),101.97,12,4,BAHIA BLANCA (BA),0.00,18.17,0.00,60,,,,,,,,,,,,,,,,,,,,0
VILLARREAL BRIAN NICOLAS,214,?,0,CAPARROS RUBEN EZEQUIEL (34),99.86,12,3,TANDIL (BA),0.00,0.00,0.00,32,,,,,,,,,,,,,,,,,,,,0
ANGULO MARIO,215,?,0,CAPARROS RUBEN EZEQUIEL (34),99.86,12,3,TANDIL (BA),0.00,0.00,0.00,47,,,,,,,,,,,,,,,,,,,,0
VAPORE NICOLAS,216,?,0,BILBAO HECTOR (42),97.17,9,2,ROSARIO (SF),0.00,0.00,0.00,18,,,,,,,,,,,,,,,,,,,,0
WILLINER CONRADO,217,?,0,BUSSO MIGUEL ANGEL (64),96.66,17,5,MARCOS JUAREZ (CB),0.00,0.00,0.00,48,,,,,,,,,,,,,,,,,,,,0
FIORITO BERNARDO,218,?,0,ALFONSO GUILLERMO (56),93.38,13,3,GENERAL LAMADRID (BA),0.00,0.00,0.00,32,,,,,,,,,,,,,,,,,,,,0
REÑONES MARIO,219,?,0,OLAECHEA AGUSTIN LEONARDO (35),92.00,1,1,TANDIL (BA),0.00,0.00,0.00,35,,,,,,,,,,,,,,,,,,,,0
GARAVENTA NESTOR,220,?,0,RODRIGUEZ ZULE JESICA (37),87.90,23,6,TANDIL (BA),0.00,0.00,0.00,32,,,,,,,,,,,,,,,,,,,,0
DI LUCA CRISTIAN,221,?,0,JARA AXEL MARCELO (25),84.39,12,2,BAHIA BLANCA (BA),0.00,0.00,0.00,32,,,,,,,,,,,,,,,,,,,,0
FIGUEROA LUCAS,222,?,0,FIORITO BERNARDO (56),82.11,6,2,PERGAMINO (BA),0.00,0.00,0.00,40,,,,,,,,,,,,,,,,,,,,0
OCAMPO MATIAS,223,?,0,SCHRODER ADOLFO GERMAN (49),81.05,12,3,BAHÑA BLANCA (BA),0.00,23.34,0.00,57,,,,,,,,,,,,,,,,,,,,0
LOPEZ DANIEL,224,?,0,TEDESCHI JUAN IGNACIO (41),81.04,9,2,BUENOS AIRES (BA),0.00,0.00,0.00,40,,,,,,,,,,,,,,,,,,,,0
SOSA LUCAS,225,?,0,GONZALEZ JULIAN EZEQUIEL (26),79.05,12,2,MARIA JUANA (SF),0.00,0.00,0.00,30,,,,,,,,,,,,,,,,,,,,0
RUPPEN ESTEBAN,226,?,0,CALCIA RICARDO (40),76.62,12,3,SAN JORGE (SF),0.00,0.00,0.00,46,,,,,,,,,,,,,,,,,,,,0
COLACCI JULIO,227,?,0,POLLIO MAXIMILIANO (43),76.60,6,2,BALCARCE (BA),0.00,0.00,0.00,54,,,,,,,,,,,,,,,,,,,,0
POPOVICH DAMIAN,228,?,0,BOLTSHAUSER AGUSTIN (39),76.02,10,2,ROCA (RN),0.00,32.58,0.00,37,,,,,,,,,,,,,,,,,,,,0
GONZALEZ RICARDO,229,?,0,JEREZ MARCELO (60),75.85,9,2,MAR DEL PLATA (BA),0.00,0.00,0.00,39,,,,,,,,,,,,,,,,,,,,0
MARCOGIUSEPPE KEVIN,230,?,0,PEREYRA DANILO LEONARDO (41),75.79,6,1,CORDOBA (CO),0.00,0.00,0.00,27,,,,,,,,,,,,,,,,,,,,0
RODRIGUEZ NESTOR,231,?,0,ALMADA LUCILA (26),70.38,25,6,CABA (BA),0.00,0.00,0.00,54,,,,,,,,,,,,,,,,,,,,0
MONTANS JONATHAN,232,?,0,RAGGIO NORBERTO CARLOS  (59),67.89,12,2,MAR DEL PLATA (BA),0.00,0.00,0.00,33,,,,,,,,,,,,,,,,,,,,0
BOVER FACUNDO,233,?,0,SANTILLAN PABLO JOSE MARIANO (41),67.53,12,4,PUNTA ALTA (BA),0.00,0.00,0.00,35,,,,,,,,,,,,,,,,,,,,0
CORRO CESAR DANIEL,234,?,0,MENTASTI FERNANDO (43),65.91,5,1,SAN ISIDRO (BA),0.00,0.00,0.00,41,,,,,,,,,,,,,,,,,,,,0
ARNAIZ PABLO DANIEL,235,?,0,SANDLER LAURA (56),65.41,25,6,CABA (BA),0.00,0.00,0.00,38,,,,,,,,,,,,,,,,,,,,0
GAYONE GERARDO,236,?,0,COLACCI JULIO (50),65.40,12,2,MAR DEL PLATA (BA),0.00,0.00,0.00,55,,,,,,,,,,,,,,,,,,,,0
CABRERA ROBERT,237,?,0,ALFONSO MILAGROS (23),62.07,15,2,GRAL LAMADRID (BA),0.00,0.00,0.00,22,,,,,,,,,,,,,,,,,,,,0
MARTIN IRIGOYEN JAVIER,238,?,0,ARBOIT LETIZIA (45),61.13,21,4,ROSARIO (SF),0.00,0.00,0.00,42,,,,,,,,,,,,,,,,,,,,0
PECASTAING ALEJANDRA,239,?,0,MUÑOZ SEBASTIAN (44),60.64,6,1,ROCA (RN),0.00,0.00,0.00,33,,,,,,,,,,,,,,,,,,,,0
ANTIVERO MARTIN,240,?,0,LATTANZI JORGE (38),60.64,6,1,LAS ROSAS (SF),0.00,0.00,0.00,33,,,,,,,,,,,,,,,,,,,,0
FERREYRA PABLO,241,?,0,KIHN MARCELO (43),59.19,12,2,BAHIA BLANCA (BA),0.00,0.00,0.00,38,,,,,,,,,,,,,,,,,,,,0
CABRERA EZEQUIEL,242,?,0,GOROSITO DARIO (41),58.92,10,2,BALCARCE (BA),0.00,0.00,0.00,28,,,,,,,,,,,,,,,,,,,,0
CARINGELLA ALEJANDRO,243,?,0,FERNANDEZ RUBEN DANIEL (55),57.15,15,3,CORONEL PRINGLES (BA),0.00,0.00,0.00,33,,,,,,,,,,,,,,,,,,,,0
VILLARREAL LUCAS,244,?,0,SOSA CESAR ADOLFO (50),57.12,14,3,TANDIL (BA),0.00,0.00,0.00,40,,,,,,,,,,,,,,,,,,,,0
GALEANO CARLOS,245,?,0,PEREYRA JUAN MANUEL (47),55.78,7,1,VICTORIA (ER),0.00,0.00,0.00,44,,,,,,,,,,,,,,,,,,,,0
CORRO JONATAN,246,?,0,RELLECATI CECILIA (42),53.72,20,3,VILLA BOSCH (BA),0.00,0.00,0.00,49,,,,,,,,,,,,,,,,,,,,0
MARIGUAL EDUARDO,247,?,0,FOGEL JOSE OSCAR (68),52.95,26,5,CORONEL SUAREZ (BA),0.00,0.00,0.00,32,,,,,,,,,,,,,,,,,,,,0
GOGNIAT ESTEBAN,248,?,0,LOBOS GABRIEL (34),52.77,12,3,GONZALEZ CHAVEZ (BA),0.00,0.00,0.00,55,,,,,,,,,,,,,,,,,,,,0
ARBILLA IVAN,249,?,0,STOFFEL EMIL DAVID (37),51.97,12,2,MAR DEL PLATA (BA),0.00,0.00,0.00,,,,,,,,,,,,,,,,,,,,,0
JOANNAS MANUEL,250,?,0,SANCHEZ AGUSTIN (40),50.80,12,2,VICTORIA (ER),0.00,0.00,0.00,,,,,,,,,,,,,,,,,,,,,0
CORTES SANTIAGO,251,?,0,PONTINI GUILLERMO JOSE (47),49.95,11,1,LAS ROSAS (SF),0.00,0.00,0.00,,,,,,,,,,,,,,,,,,,,,0
CONFORTI CARLOS,252,?,0,POPOVICH DAMIAN (39),49.43,5,1,TANDIL (BA),0.00,0.00,0.00,,,,,,,,,,,,,,,,,,,,,0
MINVIELLE CEPEDA JOSE MARIA,253,?,0,BARRIONUEVO MARTIN (36),45.81,12,2,TANDIL (BA),0.00,0.00,0.00,,,,,,,,,,,,,,,,,,,,,0
CAYUÑIR ALEXIS,254,?,0,CASTELLO SERGIO (58),45.75,12,2,ROSARIO (SF),0.00,0.00,0.00,,,,,,,,,,,,,,,,,,,,,0
DIAZ DANIEL,255,?,0,MORENO MARIANO (39),45.63,12,2,BAHIA BLANCA (BA),0.00,23.34,0.00,,,,,,,,,,,,,,,,,,,,,0
BARROSO MARTIN,256,?,0,MORALES SOFIA (37),45.55,28,5,CABA (BA),0.00,0.00,0.00,,,,,,,,,,,,,,,,,,,,,0
ARREGUITO OMAR,257,?,0,TRAMA ADRIAN (46),45.48,6,1,TANDIL (BA),0.00,0.00,0.00,,,,,,,,,,,,,,,,,,,,,0
CACACE IGNACIO,258,?,0,BERNAOLA JOSE (42),45.21,12,2,TANDIL (BA),0.00,0.00,0.00,,,,,,,,,,,,,,,,,,,,,0
SALVATIER EZEQUIEL,259,?,0,GOROSITO MARCOS ENRIQUE (28),44.90,12,2,SAN JORGE (SF),0.00,0.00,0.00,,,,,,,,,,,,,,,,,,,,,0
GORDILLO EMILIO,260,?,0,PAPALEO MARCELO (50),43.44,10,1,PARANA (ER),0.00,0.00,0.00,,,,,,,,,,,,,,,,,,,,,0
DE SANTE FACUNDO,261,?,0,BIGLIERI AGUSTIN JESUS (44),42.99,11,2,ROSARIO (SF),0.00,0.00,0.00,,,,,,,,,,,,,,,,,,,,,0
SOSA NORA DEL CARMEN,262,?,0,HERNANDORENA SEBASTIAN (41),38.59,12,2,TRENQUE LAUQUEN (BA),0.00,0.00,0.00,,,,,,,,,,,,,,,,,,,,,0
LUCERO JULIANA BELEN,263,?,0,GARCIA FERNANDO (42),38.49,8,1,CORONEL SUAREZ (BA),0.00,0.00,0.00,,,,,,,,,,,,,,,,,,,,,0
LUCERO CARLOS JAVIER,264,?,0,ETCHEPARE FEDERICO (42),38.49,8,1,TANDIL (BA),0.00,0.00,0.00,,,,,,,,,,,,,,,,,,,,,0
RECOFSKY DIEGO,265,?,0,FERREYRA MATIAS RAMIRO (36),37.48,12,2,PUERTO SAN MARTIN (SF),0.00,0.00,0.00,,,,,,,,,,,,,,,,,,,,,0
SOTELO JORGE,266,?,0,FARIAS IGNACIO ANDRES (46),37.44,13,2,BAHIA BLANCA (BA),0.00,0.00,0.00,,,,,,,,,,,,,,,,,,,,,0
CEPEDA NICOLAS,267,?,0,DIZEO LEANDRO (41),36.77,12,1,CABA (BA),0.00,0.00,0.00,,,,,,,,,,,,,,,,,,,,,0
MEZA CESAR FABIAN,268,?,0,WEINBENDER JULIAN (33),28.63,12,1,CORONEL SUAREZ (BA),0.00,0.00,0.00,,,,,,,,,,,,,,,,,,,,,0
AGUIRRE NAHUEL,269,?,0,OCAMPO MATIAS (39),28.63,12,1,CABA (BA),0.00,0.00,0.00,,,,,,,,,,,,,,,,,,,,,0
SANCHEZ FABIAN,270,?,0,JULIA CARLOS ALBERTO (61),27.98,25,2,SANTA FE (SF),0.00,0.00,0.00,,,,,,,,,,,,,,,,,,,,,0
LAUER NORBERTO,271,?,0,ECHEGARAY NICOLAS (33),27.57,12,1,TANDIL (BA),0.00,0.00,0.00,,,,,,,,,,,,,,,,,,,,,0
PASQUALINI GUIDO,272,?,0,MOYANO NICOLAS (39),24.23,12,1,GRAL ROCA (RN),0.00,0.00,0.00,,,,,,,,,,,,,,,,,,,,,0
GABRIEL PATRUNO,273,?,0,SEERY MATIAS IGNACIO (28),23.34,12,1,SAN PEDRO (BA),0.00,0.00,0.00,,,,,,,,,,,,,,,,,,,,,0
MOYANO LUCIANO,274,?,0,SPADAVECCHIA GUSTAVO (55),22.29,15,1,BARILOCHE (RN),0.00,0.00,0.00,,,,,,,,,,,,,,,,,,,,,0
ARANZABE WALTER,275,?,0,PAILLALEF GUSTAVO (51),21.59,14,1,VILLA LA ANGOSTURA (NE),0.00,0.00,0.00,,,,,,,,,,,,,,,,,,,,,0
MENDEZ CARLOS,276,?,0,FERNANDEZ MARIO (55),17.80,15,1,LAPRIDA (BA),0.00,0.00,0.00,,,,,,,,,,,,,,,,,,,,,0
HEIM GASTON,277,?,0,MAZOUE DARIO (36),17.40,12,2,TRENQUE LAUQUEN (BA),0.00,0.00,0.00,,,,,,,,,,,,,,,,,,,,,0
WAIGEL JORGE,278,?,0,BARCELO JOAQUIN (28),16.72,12,1,LAS ROSAS (SF),0.00,0.00,0.00,,,,,,,,,,,,,,,,,,,,,0
BLANC VICTOR,279,?,0,ARNAIZ PABLO DANIEL (47),16.72,13,1,TANDIL (BA),0.00,0.00,0.00,,,,,,,,,,,,,,,,,,,,,0
FERREYRA MATIAS,280,?,0,ORSINI ANDREA (53),13.09,30,2,CABA (BA),0.00,0.00,0.00,,,,,,,,,,,,,,,,,,,,,0
LARA RODRIGO,281,?,0,BARRAGAN OSCAR (62),7.12,36,2,GONZALEZ CHAVEZ (BA),0.00,0.00,0.00,,,,,,,,,,,,,,,,,,,,,0
,,,,,,,,,,,,,,,,,,,,,,,,,,,,,,,,
,,,,,,,,,,,,,,,,,,,,,,,,,,,,,,,,
,,,,,,,,,,,,,,,,,,,,,,,,,,,,,,,,
,,,,,,,,,,,,,,,,,,,,,,,,,,,,,,,,
,,,,,,,,,,,,,,,,,,,,,,,,,,,,,,,,
,,,,,,,,,,,,,,,,,,,,,,,,,,,,,,,,
,,,,,,,,,,,,,,,,,,,,,,,,,,,,,,,,
,,,,,,,,,,,,,,,,,,,,,,,,,,,,,,,,
,,,,,,,,,,,,,,,,,,,,,,,,,,,,,,,,
,,,,,,,,,,,,,,,,,,,,,,,,,,,,,,,,
,,,,,,,,,,,,,,,,,,,,,,,,,,,,,,,,
,,,,,,,,,,,,,,,,,,,,,,,,,,,,,,,,
,,,,,,,,,,,,,,,,,,,,,,,,,,,,,,,,
,,,,,,,,,,,,,,,,,,,,,,,,,,,,,,,,
,,,,,,,,,,,,,,,,,,,,,,,,,,,,,,,,
,,,,,,,,,,,,,,,,,,,,,,,,,,,,,,,,
,,,,,,,,,,,,,,,,,,,,,,,,,,,,,,,,
,,,,,,,,,,,,,,,,,,,,,,,,,,,,,,,,
,,,,,,,,,,,,,,,,,,,,,,,,,,,,,,,,
,,,,,,,,,,,,,,,,,,,,,,,,,,,,,,,,
,,,,,,,,,,,,,,,,,,,,,,,,,,,,,,,,
,,,,,,,,,,,,,,,,,,,,,,,,,,,,,,,,
,,,,,,,,,,,,,,,,,,,,,,,,,,,,,,,,
,,,,,,,,,,,,,,,,,,,,,,,,,,,,,,,,
,,,,,,,,,,,,,,,,,,,,,,,,,,,,,,,,
,,,,,,,,,,,,,,,,,,,,,,,,,,,,,,,,
,,,,,,,,,,,,,,,,,,,,,,,,,,,,,,,,
,,,,,,,,,,,,,,,,,,,,,,,,,,,,,,,,
,,,,,,,,,,,,,,,,,,,,,,,,,,,,,,,,
,,,,,,,,,,,,,,,,,,,,,,,,,,,,,,,,
,,,,,,,,,,,,,,,,,,,,,,,,,,,,,,,,
,,,,,,,,,,,,,,,,,,,,,,,,,,,,,,,,
,,,,,,,,,,,,,,,,,,,,,,,,,,,,,,,,
,,,,,,,,,,,,,,,,,,,,,,,,,,,,,,,,
,,,,,,,,,,,,,,,,,,,,,,,,,,,,,,,,
,,,,,,,,,,,,,,,,,,,,,,,,,,,,,,,,
,,,,,,,,,,,,,,,,,,,,,,,,,,,,,,,,
,,,,,,,,,,,,,,,,,,,,,,,,,,,,,,,,
,,,,,,,,,,,,,,,,,,,,,,,,,,,,,,,,
,,,,,,,,,,,,,,,,,,,,,,,,,,,,,,,,
,,,,,,,,,,,,,,,,,,,,,,,,,,,,,,,,
,,,,,,,,,,,,,,,,,,,,,,,,,,,,,,,,
,,,,,,,,,,,,,,,,,,,,,,,,,,,,,,,,
,,,,,,,,,,,,,,,,,,,,,,,,,,,,,,,,
,,,,,,,,,,,,,,,,,,,,,,,,,,,,,,,,
,,,,,,,,,,,,,,,,,,,,,,,,,,,,,,,,
,,,,,,,,,,,,,,,,,,,,,,,,,,,,,,,,
,329,,,,,,,,,,,,,,,,,,,,,,,,,,,,,,,
,330,,,,,,,,,,,,,,,,,,,,,,,,,,,,,,,
,331,,,,,,,,,,,,,,,,,,,,,,,,,,,,,,,
,332,,,,,,,,,,,,,,,,,,,,,,,,,,,,,,,
,333,,,,,,,,,,,,,,,,,,,,,,,,,,,,,,,
,334,,,,,,,,,,,,,,,,,,,,,,,,,,,,,,,
,335,,,,,,,,,,,,,,,,,,,,,,,,,,,,,,,
,336,,,,,,,,,,,,,,,,,,,,,,,,,,,,,,,
,337,,,,,,,,,,,,,,,,,,,,,,,,,,,,,,,
,338,,,,,,,,,,,,,,,,,,,,,,,,,,,,,,,
,339,,,,,,,,,,,,,,,,,,,,,,,,,,,,,,,
,340,,,,,,,,,,,,,,,,,,,,,,,,,,,,,,,
,341,,,,,,,,,,,,,,,,,,,,,,,,,,,,,,,
,342,,,,,,,,,,,,,,,,,,,,,,,,,,,,,,,
